[
  {
    "name": "RR MOBILE & LAPTOP",
    "phone": "78259 18868",
    "address": "22 Annavalaivu arch, bus stop, Annavalaivu, Thuvkudimalai, Tiruchirappalli, Tamil Nadu 620022",
    "category": "Mobile & Laptop Repair",
    "hours": "",
    "distance": ""
  },
  {
    "name": "Bhavan Electronics",
    "phone": "86100 95942",
    "address": "1ST FLOOR, KPRS Towers, 63, Thennur High Rd, Anna Nagar, Tennur, Tiruchirappalli, Tamil Nadu 620017",
    "category": "Mobile & Laptop Repair",
    "hours": "",
    "distance": ""
  },
  {
    "name": "Syndicate Systemz",
    "phone": "80727 24362",
    "address": "2nd Floor, 24-E, Bishop Rd, nearby Sethuram Mess, Puthur, Tennur, Tiruchirappalli, Tamil Nadu 620017",
    "category": "Mobile & Laptop Repair",
    "hours": "",
    "distance": ""
  },
  {
    "name": "Laptop and Mobile Service @ IO Computers",
    "phone": "86087 20741",
    "address": "No.1, Vinoth Complex, Simco Rd, Ganesh Nagar, K K Nagar, Tiruchirappalli, Tamil Nadu 620021",
    "category": "Mobile & Laptop Repair",
    "hours": "",
    "distance": ""
  },
  {
    "name": "DK MOBILE AND LAPTOP SERVICE",
    "phone": "78100 81119",
    "address": "KADAPATTI & RAJAKATTUPATTI, Sri Mariyamman koyil road, Tiruchirappalli, Kalkudi, Tamil Nadu 620009",
    "category": "Mobile & Laptop Repair",
    "hours": "",
    "distance": ""
  },
  {
    "name": "CellMount iCare",
    "phone": "73731 84873",
    "address": "near Science Park, Anna Nagar, Tennur, Tiruchirappalli, Tamil Nadu 620017",
    "category": "Mobile & Laptop Repair",
    "hours": "",
    "distance": ""
  },
  {
    "name": "Sri Balaji System",
    "phone": "93451 20135",
    "address": "SRI BALAJI SYSTEM, 16/A, 1st Cross Rd, West Thillai Nagar, Thillai Nagar, Tiruchirappalli, Tamil Nadu 620018",
    "category": "Mobile & Laptop Repair",
    "hours": "",
    "distance": ""
  },
  {
    "name": "HI TECH ZONE",
    "phone": "97862 33344",
    "address": "Shop No.1, ground floor, Heber Rd, near hero showroom & SBI ATM, New Raja Colony, Bhima Nagar, Sangillyandapuram, Tiruchirappalli, Tamil Nadu 620001",
    "category": "Mobile & Laptop Repair",
    "hours": "",
    "distance": ""
  },
  {
    "name": "Lakshmi Sellerss",
    "phone": "95977 54524",
    "address": "City Centre Complex Sundar Nagar , 4th Cross Street, KK Nagar Main Rd, Tiruchirappalli, Tamil Nadu 620021",
    "category": "Mobile & Laptop Repair",
    "hours": "",
    "distance": ""
  },
  {
    "name": "LAPTECH Laptop Motherboard Chiplevel Service Center",
    "phone": "99943 43404",
    "address": "No:11,2nd Floor,Surya Complex,9th Cross, 9A Cross Rd, near HP Petrol Bunk, Tiruchirappalli, Tamil Nadu 620018",
    "category": "Mobile & Laptop Repair",
    "hours": "",
    "distance": ""
  },
  {
    "name": "TWO BROTHERS – Best Mobile Service Centre",
    "phone": "63856 03312",
    "address": "1/1, Main Kandy St, Bhima Nagar, Sangillyandapuram, Tiruchirappalli, Tamil Nadu 620001",
    "category": "Mobile & Laptop Repair",
    "hours": "",
    "distance": ""
  },
  {
    "name": "Fix store",
    "phone": "98424 04080",
    "address": "Airport, 31b, Wireless Rd, Anna Nagar, Tiruchirappalli, Tamil Nadu 620007",
    "category": "Mobile & Laptop Repair",
    "hours": "",
    "distance": ""
  },
  {
    "name": "Mobile Rockerz Accessories",
    "phone": "78689 11911",
    "address": "VKN Building, No. C172, 9th A-Cross street, 11th Cross E Rd, Tiruchirappalli, Tamil Nadu 620018",
    "category": "Mobile & Laptop Repair",
    "hours": "",
    "distance": ""
  },
  {
    "name": "Phonup Trichy Mobile store",
    "phone": "9944938933",
    "address": "7A, 1st Floor, Complex, Jamal Mohamed College Rd, near Indian Overseas Bank, near Indian post Office, TVS Tolgate, Tiruchirappalli, Tamil Nadu 620020",
    "category": "Mobile repair",
    "hours": "8am-10pm",
    "distance": ""
  },
  {
    "name": "The monster IT",
    "phone": "8883166444",
    "address": "second St, Thillai Nagar East, West Thillai Nagar, Tennur, Tiruchirappalli, Tamil Nadu 620018",
    "category": "Computer repair",
    "hours": "9am-8:30 pm",
    "distance": ""
  },
  {
    "name": "IT Info Solution",
    "phone": "7947150123",
    "address": "near jayanthi bus stop, Woraiyur, Tiruchirappalli, Tamil Nadu 620003",
    "category": "Mobile repair",
    "hours": "10am-6:30pm",
    "distance": ""
  },
  {
    "name": "SMS Mobile Sales And Computer Laptop Service",
    "phone": "8870567899",
    "address": "Thanjai Main Road, Kattur, Tiruchirappalli, Tamil Nadu 620019",
    "category": "both repair",
    "hours": "Not mentioned",
    "distance": ""
  }
]
